mmackenzie,Safety Reporting Ground Submitter
rgardien,Safety Reporting Ground Submitter
ppula,Safety Reporting Ground Submitter
aoyao,Safety Reporting Ground Submitter
mleakona,Safety Reporting Ground Submitter
mleakona,Safety Reporting Ground Analyst
mleakona,SMS IM Module VP/Part 5 Analyst
mleakona,SMS IM Job Aid Analyst
mleakona,Safety Assurance Module Audit Analyst
mleakona,Safety Assurance Module Investigation Analyst
mleakona,Safety Assurance Module Inspection Analyst
mleakona,SRM Module SRM Admin
wmarshall,Safety Reporting Maintenance Submitter
wmarshall,Safety Reporting Maintenance Analyst
wmarshall,SMS IM Module VP/Part 5 Analyst
wmarshall,SMS IM Job Aid Analyst
wmarshall,Safety Assurance Module Audit Analyst
wmarshall,Safety Assurance Module Investigation Analyst
wmarshall,Safety Assurance Module Inspection Analyst
wmarshall,SRM Module SRM Admin
bjacobson,Safety Reporting Maintenance Submitter
rrohe,Safety Reporting Maintenance Submitter
wsmith,Safety Reporting Maintenance Submitter
mdekreon,Safety Reporting Maintenance Submitter
mdekreon,Safety Reporting Maintenance Analyst
mdekreon,SMS IM Module VP/Part 5 Analyst
mdekreon,SMS IM Job Aid Analyst
mdekreon,Safety Assurance Module Audit Analyst
mdekreon,Safety Assurance Module Investigation Analyst
mdekreon,Safety Assurance Module Inspection Analyst
mdekreon,SRM Module SRM Admin
mcrane,Safety Reporting Maintenance Submitter
sonato,Safety Reporting Maintenance Submitter
dengler,Safety Reporting Maintenance Submitter
dwhitman,Safety Reporting Ground Submitter
dkoval,Safety Reporting Ground Submitter
ereuer,Safety Reporting Ground Submitter
smorton,Safety Reporting Ground Submitter
rhege,Safety Reporting Maintenance Submitter
mmoreno,Safety Reporting Maintenance Submitter
drawlins,Safety Reporting Maintenance Submitter
rstack,Safety Reporting Maintenance Submitter
bberry,Safety Reporting Maintenance Submitter
chunt,Safety Reporting Maintenance Submitter
espence,Safety Reporting Maintenance Submitter
dgallegos,Safety Reporting Maintenance Submitter
tross,Safety Reporting Maintenance Submitter
clandgraf,Safety Reporting Maintenance Submitter
ccalvert,Safety Reporting Maintenance Submitter
msheu,Safety Reporting Maintenance Submitter
edance,Safety Reporting Ground Submitter
edance,Safety Reporting Maintenance Submitter
edance,Safety Reporting Ground Analyst
edance,Safety Reporting Maintenance Analyst
edance,SMS IM Module VP/Part 5 Analyst
edance,SMS IM Job Aid Analyst
edance,Safety Assurance Module Audit Analyst
edance,Safety Assurance Module Investigation Analyst
edance,Safety Assurance Module Inspection Analyst
edance,SRM Module SRM Admin
rrobertson,Safety Reporting Maintenance Submitter
vorr,Safety Reporting Maintenance Submitter
mbadua,Safety Reporting Maintenance Submitter
ghawn,Safety Reporting Maintenance Submitter
nibraimi,Safety Reporting Maintenance Submitter
lshin,Safety Reporting Maintenance Submitter
bspencer,Safety Reporting Maintenance Submitter
gboitnott,Safety Reporting Maintenance Submitter
ejohnson,Safety Reporting Maintenance Submitter
dday,Safety Reporting Ground Submitter
ramspacker,Safety Reporting Ground Submitter
ramspacker,Safety Reporting Ground Analyst
ramspacker,SMS IM Module VP/Part 5 Analyst
ramspacker,SMS IM Job Aid Analyst
ramspacker,Safety Assurance Module Audit Analyst
ramspacker,Safety Assurance Module Investigation Analyst
ramspacker,Safety Assurance Module Inspection Analyst
ramspacker,SRM Module SRM Admin
smckay,Safety Reporting Ground Submitter
dmichael,Safety Reporting Ground Submitter
tminogue,Safety Reporting Ground Submitter
kdeboord,Safety Reporting Ground Submitter
rfuzvai,Safety Reporting Ground Submitter
aibraimi,Safety Reporting Ground Submitter
csalaa,Safety Reporting Ground Submitter
asperling,Safety Reporting Ground Submitter
avesely,Safety Reporting Ground Submitter
radams,Safety Reporting Ground Submitter
psayles,Safety Reporting Ground Submitter
wstamand,Safety Reporting Ground Submitter
cwidmer,Safety Reporting Ground Submitter
xyang,Safety Reporting Ground Submitter
rfaualo,Safety Reporting Ground Submitter
bpayton,Safety Reporting Ground Submitter
dprice,Safety Reporting Ground Submitter
erowe,Safety Reporting Ground Submitter
eglover,Safety Reporting Ground Submitter
lostnes,Safety Reporting Ground Submitter
wlavery,Safety Reporting Ground Submitter
wlavery,Safety Reporting Ground Analyst
wlavery,Safety Assurance Module Investigation Analyst
fmeeker,Safety Reporting Ground Submitter
jjohnson,Safety Reporting Ground Submitter
hgottmeier,Safety Reporting Ground Submitter
gnoble,Safety Reporting Ground Submitter
dwheelock,Safety Reporting Ground Submitter
tworkes,Safety Reporting Ground Submitter
bhastie,Safety Reporting Ground Submitter
dkilmer,Safety Reporting Ground Submitter
rperez,Safety Reporting Ground Submitter
gpfeifer,Safety Reporting Ground Submitter
estark,Safety Reporting Ground Submitter
lgotschall,Safety Reporting Ground Submitter
jhenderson,Safety Reporting Ground Submitter
rparry,Safety Reporting Ground Submitter
mreina,Safety Reporting Ground Submitter
brichards,Safety Reporting Ground Submitter
mweathers,Safety Reporting Ground Submitter
hloia,Safety Reporting Ground Submitter
bdavenport,Safety Reporting Ground Submitter
dmiller,Safety Reporting Ground Submitter
dabaya,Safety Reporting Ground Submitter
ljackson,Safety Reporting Ground Submitter
jfischer,Safety Reporting Ground Submitter
kjones,Safety Reporting Ground Submitter
dbourdukofsky,Safety Reporting Ground Submitter
dparry,Safety Reporting Ground Submitter
rrieth,Safety Reporting Ground Submitter
rrieth,Safety Reporting Maintenance Submitter
rrieth,Safety Reporting Ground Analyst
rrieth,Safety Reporting Maintenance Analyst
rrieth,SMS IM Module VP/Part 5 Analyst
rrieth,SMS IM Job Aid Analyst
rrieth,Safety Assurance Module Audit Analyst
rrieth,Safety Assurance Module Investigation Analyst
rrieth,Safety Assurance Module Inspection Analyst
rrieth,SRM Module SRM Admin
nsutton,Safety Reporting Ground Submitter
nsutton,Safety Reporting Maintenance Submitter
nsutton,Safety Reporting Ground Analyst
nsutton,Safety Reporting Maintenance Analyst
nsutton,SMS IM Module VP/Part 5 Analyst
nsutton,SMS IM Job Aid Analyst
nsutton,Safety Assurance Module Audit Analyst
nsutton,Safety Assurance Module Investigation Analyst
nsutton,Safety Assurance Module Inspection Analyst
nsutton,SRM Module SRM Admin
mparker,Admin (Full Access)
sguedea,Admin (Full Access)
ralvarado,Safety Reporting Ground Submitter
ralvarado,Safety Reporting Maintenance Submitter
jmorton,Safety Reporting Ground Submitter
jmorton,Safety Reporting Ground Analyst
jmorton,SMS IM Module VP/Part 5 Analyst
jmorton,SMS IM Job Aid Analyst
jmorton,Safety Assurance Module Audit Analyst
jmorton,Safety Assurance Module Investigation Analyst
jmorton,Safety Assurance Module Inspection Analyst
jmorton,SRM Module SRM Admin
